Experiment_Type,Model,RMSE,MAE,R2,Notes
Re-evaluated DL,Improved LSTM,15.32292076057191,11.298935890197754,0.8537912368774414,Optimised LSTM architecture with stabilised training 30
Re-evaluated DL,Improved CNN,16.471955481448234,12.456928253173828,0.8310412764549255,CNN with window size 30
Tuned ML,Random Forest Tuned,16.786685523400422,11.999383936563518,0.8245230002714786,RandomizedSearchCV tuned Random Forest
Tuned ML,XGBoost Tuned,17.038416819208237,11.960906028747559,0.8192206621170044,RandomizedSearchCV tuned XGBoost
Baseline ML,Random Forest Baseline,17.15546056808518,12.018304935526688,0.8167284490761999,Initial Random Forest model
Baseline ML,XGBoost Baseline,17.41611101398824,12.338665008544922,0.8111170530319214,Initial XGBoost model
Baseline ML,Linear Regression,20.600497136856134,16.372324621136162,0.7357313213664155,Simple interpretable Linear Regression (baseline) model
Re-evaluated DL,Improved CNN-LSTM,31.994510179726536,26.853445053100586,0.3625571131706238,CNN-LSTM with window size 30
